sample,genus,subgenus,pos,seq
AC_000192,Betacoronavirus,Embecovirus,69.0,ATCTAAAC
AF220295,Betacoronavirus,Embecovirus,63.0,ATCTAAAC
AY319651,Gammacoronavirus,Igacovirus,57.0,CTTAACA
AY514485,Gammacoronavirus,Igacovirus,57.0,CTTAACA
AY646283,Gammacoronavirus,Igacovirus,,
DQ011855,Betacoronavirus,Embecovirus,63.0,ATCTAAAC
DQ022305,Betacoronavirus,Sarbecovirus,64.0,AACGAAC
DQ071615,Betacoronavirus,Sarbecovirus,66.0,AACGAAC
DQ288927,Gammacoronavirus,Igacovirus,57.0,CTTAACA
DQ415899,Betacoronavirus,Embecovirus,58.0,ATCTAAAC
DQ648794,Betacoronavirus,Merbecovirus,55.0,AACGAAC
DQ648856,Betacoronavirus,Sarbecovirus,66.0,AACGAAC
DQ648857,Betacoronavirus,Sarbecovirus,66.0,AACGAAC
DQ811787,Alphacoronavirus,Tegacovirus,81.0,AACTAAAC
DQ848678,Alphacoronavirus,Tegacovirus,90.0,AACTAAAC
EF065510,Betacoronavirus,Merbecovirus,60.0,AACGAAC
EF065514,Betacoronavirus,Nobecovirus,68.0,AACGAAC
EF065515,Betacoronavirus,Nobecovirus,69.0,AACGAAC
EF065516,Betacoronavirus,Nobecovirus,70.0,AACGAAC
EF446615,Betacoronavirus,Embecovirus,62.0,ATCTAAAC
EU022525,Gammacoronavirus,Igacovirus,58.0,CTTAACA
EU022526,Gammacoronavirus,Igacovirus,57.0,CTTAACA
EU074218,Alphacoronavirus,Tegacovirus,92.0,AACTAAAC
EU186072,Alphacoronavirus,Tegacovirus,91.0,AACTAAAC
EU420137,Alphacoronavirus,Minunacovirus,66.0,AACTAAAC
EU526388,Gammacoronavirus,Igacovirus,57.0,CTTAACA
EU637854,Gammacoronavirus,Igacovirus,58.0,CCTAACA
EU714029,Gammacoronavirus,Igacovirus,57.0,CTTAACA
EU817497,Gammacoronavirus,Igacovirus,57.0,CTTAACA
FJ376620,Deltacoronavirus,Buldecovirus,71.0,GACACCA
FJ415324,Betacoronavirus,Embecovirus,63.0,ATCTAAAC
FJ588686,Betacoronavirus,Sarbecovirus,47.0,AACGAAC
FJ647223,Betacoronavirus,Embecovirus,45.0,ATCTAAAC
FJ647224,Betacoronavirus,Embecovirus,41.0,ATCTAAAC
FJ904713,Gammacoronavirus,Igacovirus,57.0,CTTAACA
FJ904714,Gammacoronavirus,Igacovirus,57.0,CTTAACA
FJ904715,Gammacoronavirus,Igacovirus,54.0,CTTAACA
FJ904717,Gammacoronavirus,Igacovirus,57.0,CTTAACA
FJ938051,Alphacoronavirus,Tegacovirus,67.0,AACTAAAC
FJ938052,Alphacoronavirus,Tegacovirus,79.0,AACTAAAC
FJ938054,Alphacoronavirus,Tegacovirus,91.0,AACTAAAC
FJ938055,Alphacoronavirus,Tegacovirus,72.0,AACTAAAC
FJ938056,Alphacoronavirus,Tegacovirus,72.0,AACTAAAC
FJ938057,Alphacoronavirus,Tegacovirus,72.0,AACTAAAC
FJ938058,Alphacoronavirus,Tegacovirus,72.0,AACTAAAC
FJ938062,Alphacoronavirus,Tegacovirus,65.0,AACTAAAC
GQ152141,Alphacoronavirus,Tegacovirus,92.0,AACTAAAC
GQ153542,Betacoronavirus,Sarbecovirus,64.0,AACGAAC
GQ427173,Gammacoronavirus,Igacovirus,57.0,CTTAACA
GQ427174,Gammacoronavirus,Igacovirus,57.0,CTTAACA
GQ427175,Gammacoronavirus,Igacovirus,57.0,CTTAACA
GQ427176,Gammacoronavirus,Igacovirus,57.0,CTTAACA
GQ477367,Alphacoronavirus,Tegacovirus,93.0,AACTAAAC
GQ504720,Gammacoronavirus,Igacovirus,57.0,CTTAACA
GQ504722,Gammacoronavirus,Igacovirus,57.0,CTTAACA
GQ504723,Gammacoronavirus,Igacovirus,57.0,CTTTACA
GQ504725,Gammacoronavirus,Igacovirus,57.0,CTTAACA
GU393331,Gammacoronavirus,Igacovirus,57.0,CTTAACA
GU393332,Gammacoronavirus,Igacovirus,57.0,CTTAACA
GU393334,Gammacoronavirus,Igacovirus,57.0,CTTAACA
GU393337,Gammacoronavirus,Igacovirus,57.0,CTTAACA
GU553362,Alphacoronavirus,Tegacovirus,72.0,AACTAAAC
HM211099,Betacoronavirus,Nobecovirus,68.0,AACGAAC
HM211101,Betacoronavirus,Nobecovirus,68.0,AACGAAC
HM245924,Gammacoronavirus,Igacovirus,57.0,CTTAACA
HM245926,Alphacoronavirus,Minacovirus,71.0,AACTAAAC
HQ012367,Alphacoronavirus,Tegacovirus,70.0,AACTAAAC
HQ012368,Alphacoronavirus,Tegacovirus,72.0,AACTAAAC
HQ012370,Alphacoronavirus,Tegacovirus,70.0,AACTAAAC
HQ012371,Alphacoronavirus,Tegacovirus,72.0,AACTAAAC
HQ392469,Alphacoronavirus,Tegacovirus,51.0,AACTAAAC
HQ392471,Alphacoronavirus,Tegacovirus,72.0,AACTAAAC
HQ392472,Alphacoronavirus,Tegacovirus,53.0,AACTAAAC
HQ848267,Gammacoronavirus,Igacovirus,57.0,CTTAACA
HQ850618,Gammacoronavirus,Igacovirus,57.0,CTTAACA
JF705860,Gammacoronavirus,Igacovirus,57.0,CTTAACA
JF732903,Gammacoronavirus,Igacovirus,57.0,CTTAACA
JF792616,Betacoronavirus,Embecovirus,37.0,ATCTAAAC
JF893452,Gammacoronavirus,Igacovirus,57.0,CTTAACA
JN183882,Alphacoronavirus,Tegacovirus,48.0,AACTAAAC
JN183883,Alphacoronavirus,Tegacovirus,51.0,AACTAAAC
JN547228,Alphacoronavirus,Pedacovirus,65.0,AACTAAAC
JN634064,Alphacoronavirus,Tegacovirus,91.0,AACTAAAC
JN856008,Alphacoronavirus,Tegacovirus,54.0,AACTAAAC
JQ023161,Alphacoronavirus,Pedacovirus,65.0,AACTAAAC
JQ088078,Gammacoronavirus,Igacovirus,25.0,CTTAACA
JQ173883,Betacoronavirus,Embecovirus,65.0,ATCTAAAC
JQ404409,Alphacoronavirus,Tegacovirus,92.0,AACTAAAC
JQ977697,Gammacoronavirus,Igacovirus,57.0,CTTAACA
JQ989268,Alphacoronavirus,Decacovirus,75.0,AACTAAAC
JQ989271,Alphacoronavirus,Decacovirus,75.0,AACTAAAC
JQ989272,Alphacoronavirus,Decacovirus,75.0,AACTAAAC
JX195175,Gammacoronavirus,Igacovirus,57.0,CTTAACA
JX195178,Gammacoronavirus,Igacovirus,57.0,CTTAACA
JX840411,Gammacoronavirus,Igacovirus,57.0,CTTAACA
JX897900,Gammacoronavirus,Igacovirus,57.0,CTTAACA
JX993987,Betacoronavirus,Sarbecovirus,,
JX993988,Betacoronavirus,Sarbecovirus,,
KC008600,Gammacoronavirus,Igacovirus,57.0,CTTAACA
KC013541,Gammacoronavirus,Igacovirus,57.0,CTTAACA
KC136209,Gammacoronavirus,Igacovirus,57.0,CTTAACA
KC140102,Alphacoronavirus,Pedacovirus,65.0,AACTAAAC
KC506155,Gammacoronavirus,Igacovirus,57.0,CTTAACA
KC545386,Betacoronavirus,Merbecovirus,61.0,AACGAAC
KC869678,Betacoronavirus,Merbecovirus,63.0,AACGAAC
KF367457,Betacoronavirus,Sarbecovirus,66.0,AACGAAC
KF411040,Gammacoronavirus,Igacovirus,57.0,CTTAACA
KF411041,Gammacoronavirus,Igacovirus,25.0,CTTAACA
KF460437,Gammacoronavirus,Igacovirus,45.0,CTTAACA
KF530123,Alphacoronavirus,Tegacovirus,10.0,AACTAAAC
KF569996,Betacoronavirus,Sarbecovirus,67.0,AACGAAC
KF663559,Gammacoronavirus,Igacovirus,57.0,CTTAACA
KF663561,Gammacoronavirus,Igacovirus,57.0,CTTAACA
KF668605,Gammacoronavirus,Igacovirus,57.0,CTTAACA
KF793824,Gammacoronavirus,Cegacovirus,65.0,ATTAAAC
KF906249,Betacoronavirus,Embecovirus,67.0,ATCTAAAC
KJ425512,Gammacoronavirus,Igacovirus,57.0,CTTAACA
KJ435283,Gammacoronavirus,Igacovirus,57.0,CTTAACA
KJ473795,Alphacoronavirus,Minunacovirus,66.0,AACTAAAC
KJ473796,Alphacoronavirus,Minunacovirus,67.0,AACTAAAC
KJ473797,Alphacoronavirus,Minunacovirus,67.0,AACTAAAC
KJ473798,Alphacoronavirus,Minunacovirus,66.0,AACTAAAC
KJ473799,Alphacoronavirus,Minunacovirus,65.0,AACTAAAC
KJ473800,Alphacoronavirus,Minunacovirus,65.0,AACTAAAC
KJ473810,Alphacoronavirus,Decacovirus,,
KJ473814,Betacoronavirus,Sarbecovirus,7.0,AACGAAC
KJ473815,Betacoronavirus,Sarbecovirus,,
KJ473816,Betacoronavirus,Sarbecovirus,,
KJ473820,Betacoronavirus,Merbecovirus,60.0,AACGAAC
KJ473821,Betacoronavirus,Merbecovirus,65.0,AACGAAC
KM213963,Gammacoronavirus,Igacovirus,57.0,CTTAACA
KM454473,Gammacoronavirus,Igacovirus,,
KM586818,Gammacoronavirus,Igacovirus,57.0,CTTAACA
KP036505,Gammacoronavirus,Igacovirus,57.0,CTTAACA
KP118886,Gammacoronavirus,Igacovirus,57.0,CTTAACA
KP118887,Gammacoronavirus,Igacovirus,57.0,CTTAACA
KP118889,Gammacoronavirus,Igacovirus,57.0,CTTAACA
KP118894,Gammacoronavirus,Igacovirus,57.0,CTTAACA
KP143511,Alphacoronavirus,Tegacovirus,,
KP343691,Gammacoronavirus,Igacovirus,57.0,CTTAACA
KP662631,Gammacoronavirus,Igacovirus,,
KP757890,Deltacoronavirus,Buldecovirus,74.0,GACACCA
KP765609,Alphacoronavirus,Pedacovirus,65.0,AACTAAAC
KP780179,Gammacoronavirus,Igacovirus,,
KP790143,Gammacoronavirus,Igacovirus,57.0,CTTAACA
KP790144,Gammacoronavirus,Igacovirus,57.0,CTTAACA
KP790145,Gammacoronavirus,Igacovirus,57.0,CTTAACA
KP790146,Gammacoronavirus,Igacovirus,57.0,CTTAACA
KP849472,Alphacoronavirus,Tegacovirus,93.0,AACTAAAC
KP868572,Gammacoronavirus,Igacovirus,57.0,CTTAACA
KP868573,Gammacoronavirus,Igacovirus,57.0,CTTAACA
KP886808,Betacoronavirus,Sarbecovirus,66.0,AACGAAC
KP981644,Alphacoronavirus,Tegacovirus,93.0,AACTAAAC
KR061458,Alphacoronavirus,Pedacovirus,36.0,AACTAAAC
KR231009,Gammacoronavirus,Igacovirus,50.0,CTTAACA
KR270796,Alphacoronavirus,Tegacovirus,92.0,AACTAAAC
KR822424,Gammacoronavirus,Igacovirus,57.0,CTTAACA
KR902510,Gammacoronavirus,Igacovirus,57.0,CTTAACA
KT444582,Betacoronavirus,Sarbecovirus,66.0,AACGAAC
KT886454,Gammacoronavirus,Igacovirus,45.0,CTTAACA
KT946798,Gammacoronavirus,Igacovirus,57.0,CTTAACA
KU051641,Deltacoronavirus,Buldecovirus,74.0,GACACCA
KU182965,Betacoronavirus,Merbecovirus,62.0,AACGAAC
KU215420,Alphacoronavirus,Tegacovirus,67.0,AACTAAAC
KU317090,Gammacoronavirus,Igacovirus,57.0,CTTAACA
KU356856,Gammacoronavirus,Igacovirus,57.0,CTTAACA
KU361187,Gammacoronavirus,Igacovirus,57.0,CTTAACA
KU361188,Gammacoronavirus,Igacovirus,57.0,CTTAACA
KU558922,Betacoronavirus,Embecovirus,63.0,ATCTAAAC
KU886219,Betacoronavirus,Embecovirus,37.0,ATCTAAAC
KU900738,Gammacoronavirus,Igacovirus,57.0,CTTAACA
KU900739,Gammacoronavirus,Igacovirus,57.0,CTTAACA
KU900740,Gammacoronavirus,Igacovirus,57.0,CTTAACA
KU900741,Gammacoronavirus,Igacovirus,57.0,CTTAACA
KU900743,Gammacoronavirus,Igacovirus,57.0,CTTAACA
KU900744,Gammacoronavirus,Igacovirus,57.0,CTTAACA
KU973692,Betacoronavirus,Sarbecovirus,66.0,AACGAAC
KX077987,Gammacoronavirus,Igacovirus,57.0,CTTAACA
KX185057,Gammacoronavirus,Igacovirus,57.0,CTTAACA
KX185058,Gammacoronavirus,Igacovirus,57.0,CTTAACA
KX185059,Gammacoronavirus,Igacovirus,57.0,CTTAACA
KX219794,Gammacoronavirus,Igacovirus,57.0,CTTAACA
KX219796,Gammacoronavirus,Igacovirus,57.0,CTTAACA
KX219797,Gammacoronavirus,Igacovirus,57.0,CTTAACA
KX219800,Gammacoronavirus,Igacovirus,57.0,CTTAACA
KX219801,Gammacoronavirus,Igacovirus,57.0,CTTAACA
KX236001,Gammacoronavirus,Igacovirus,57.0,CTTAACA
KX236003,Gammacoronavirus,Igacovirus,57.0,CTTAACA
KX236004,Gammacoronavirus,Igacovirus,57.0,CTTAACA
KX236005,Gammacoronavirus,Igacovirus,57.0,CTTAACA
KX236006,Gammacoronavirus,Igacovirus,57.0,CTTAACA
KX236008,Gammacoronavirus,Igacovirus,57.0,CTTAACA
KX236011,Gammacoronavirus,Igacovirus,57.0,CTTAACA
KX236012,Gammacoronavirus,Igacovirus,57.0,CTTAACA
KX236013,Gammacoronavirus,Igacovirus,57.0,CTTAACA
KX236014,Gammacoronavirus,Igacovirus,57.0,CTTAACA
KX236015,Gammacoronavirus,Igacovirus,57.0,CTTAACA
KX236016,Gammacoronavirus,Igacovirus,57.0,CTTAACA
KX252772,Gammacoronavirus,Igacovirus,57.0,CTTAACA
KX252776,Gammacoronavirus,Igacovirus,57.0,CTTAACA
KX252777,Gammacoronavirus,Igacovirus,57.0,CTTAACA
KX252778,Gammacoronavirus,Igacovirus,57.0,CTTAACA
KX252779,Gammacoronavirus,Igacovirus,57.0,CTTAACA
KX252780,Gammacoronavirus,Igacovirus,57.0,CTTAACA
KX252781,Gammacoronavirus,Igacovirus,57.0,CTTAACA
KX252782,Gammacoronavirus,Igacovirus,57.0,CTTAACA
KX252785,Gammacoronavirus,Igacovirus,57.0,CTTAACA
KX252786,Gammacoronavirus,Igacovirus,57.0,CTTAACA
KX252787,Gammacoronavirus,Igacovirus,57.0,CTTAACA
KX252790,Gammacoronavirus,Igacovirus,57.0,CTTAACA
KX252791,Gammacoronavirus,Igacovirus,57.0,CTTAACA
KX258195,Gammacoronavirus,Igacovirus,57.0,CTTAACA
KX259248,Gammacoronavirus,Igacovirus,57.0,CTTAACA
KX259249,Gammacoronavirus,Igacovirus,57.0,CTTAACA
KX259251,Gammacoronavirus,Igacovirus,57.0,CTTAACA
KX259252,Gammacoronavirus,Igacovirus,57.0,CTTAACA
KX259253,Gammacoronavirus,Igacovirus,57.0,CTTAACA
KX259254,Gammacoronavirus,Igacovirus,57.0,CTTAACA
KX259257,Gammacoronavirus,Igacovirus,57.0,CTTAACA
KX266757,Gammacoronavirus,Igacovirus,57.0,CTTAACA
KX272465,Gammacoronavirus,Igacovirus,,
KX275390,Gammacoronavirus,Igacovirus,57.0,CTTAACA
KX275391,Gammacoronavirus,Igacovirus,57.0,CTTAACA
KX275393,Gammacoronavirus,Igacovirus,57.0,CTTAACA
KX275394,Gammacoronavirus,Igacovirus,57.0,CTTAACA
KX302861,Gammacoronavirus,Igacovirus,57.0,CTTAACA
KX302863,Gammacoronavirus,Igacovirus,57.0,CTTAACA
KX302864,Gammacoronavirus,Igacovirus,57.0,CTTAACA
KX302866,Gammacoronavirus,Igacovirus,57.0,CTTAACA
KX302867,Gammacoronavirus,Igacovirus,57.0,CTTAACA
KX302871,Gammacoronavirus,Igacovirus,57.0,CTTAACA
KX348114,Gammacoronavirus,Igacovirus,57.0,CTTAACA
KX348115,Gammacoronavirus,Igacovirus,57.0,CTTAACA
KX348116,Gammacoronavirus,Igacovirus,57.0,CTTAACA
KX348117,Gammacoronavirus,Igacovirus,57.0,CTTAACA
KX364290,Gammacoronavirus,Igacovirus,57.0,CTTAACA
KX364293,Gammacoronavirus,Igacovirus,57.0,CTTAACA
KX364294,Gammacoronavirus,Igacovirus,57.0,CTTAACA
KX364296,Gammacoronavirus,Igacovirus,57.0,CTTAACA
KX364297,Gammacoronavirus,Igacovirus,58.0,CTTAACA
KX364300,Gammacoronavirus,Igacovirus,57.0,CTTAACA
KX372249,Gammacoronavirus,Igacovirus,57.0,CTTAACA
KX375808,Gammacoronavirus,Igacovirus,57.0,CTTAACA
KX389094,Gammacoronavirus,Igacovirus,57.0,CTTAACA
KX425847,Gammacoronavirus,Igacovirus,57.0,CTTAACA
KX432213,Betacoronavirus,Embecovirus,,
KX434788,Gammacoronavirus,Igacovirus,57.0,CTTAACA
KX434789,Gammacoronavirus,Igacovirus,57.0,CTTAACA
KX434790,Gammacoronavirus,Igacovirus,57.0,CTTAACA
KX442564,Betacoronavirus,Merbecovirus,62.0,AACGAAC
KX443143,Deltacoronavirus,Buldecovirus,74.0,GACACCA
KX512809,Alphacoronavirus,Minacovirus,,
KX512810,Alphacoronavirus,Minacovirus,,
KX640829,Gammacoronavirus,Igacovirus,57.0,CTTAACA
KX722529,Alphacoronavirus,Tegacovirus,77.0,AACTAAAC
KX722530,Alphacoronavirus,Tegacovirus,77.0,AACTAAAC
KX812524,Alphacoronavirus,Pedacovirus,65.0,AACTAAAC
KX834351,Deltacoronavirus,Buldecovirus,74.0,GACACCA
KX900395,Alphacoronavirus,Tegacovirus,92.0,AACTAAAC
KX981440,Alphacoronavirus,Pedacovirus,56.0,AACTAAAC
KX998969,Deltacoronavirus,Buldecovirus,74.0,GACACCA
KY063618,Alphacoronavirus,Tegacovirus,9.0,AACTAAAC
KY073745,Alphacoronavirus,Setracovirus,23.0,AACTAAAC
KY073746,Alphacoronavirus,Setracovirus,22.0,AACTAAAC
KY073747,Alphacoronavirus,Duvinacovirus,16.0,AACTAAAC
KY073748,Alphacoronavirus,Duvinacovirus,,
KY292377,Alphacoronavirus,Tegacovirus,72.0,AACTAAAC
KY352407,Betacoronavirus,Sarbecovirus,64.0,AACGAAC
KY406735,Alphacoronavirus,Tegacovirus,92.0,AACTAAAC
KY407556,Gammacoronavirus,Igacovirus,57.0,TTTAACA
KY417142,Betacoronavirus,Sarbecovirus,66.0,AACGAAC
KY417143,Betacoronavirus,Sarbecovirus,66.0,AACGAAC
KY417145,Betacoronavirus,Sarbecovirus,66.0,AACGAAC
KY417146,Betacoronavirus,Sarbecovirus,66.0,AACGAAC
KY417147,Betacoronavirus,Sarbecovirus,66.0,AACGAAC
KY417148,Betacoronavirus,Sarbecovirus,66.0,AACGAAC
KY417149,Betacoronavirus,Sarbecovirus,66.0,AACGAAC
KY417151,Betacoronavirus,Sarbecovirus,66.0,AACGAAC
KY419103,Betacoronavirus,Embecovirus,24.0,ATCTAAAC
KY419109,Betacoronavirus,Embecovirus,64.0,ATCTAAAC
KY419112,Betacoronavirus,Embecovirus,24.0,ATCTAAAC
KY421672,Gammacoronavirus,Igacovirus,58.0,CTTAACA
KY566211,Alphacoronavirus,Tegacovirus,82.0,AACTAAAC
KY620116,Gammacoronavirus,Igacovirus,57.0,CTTAACA
KY626044,Gammacoronavirus,Igacovirus,57.0,CTTAACA
KY649107,Alphacoronavirus,Pedacovirus,65.0,AACTAAAC
KY770850,Alphacoronavirus,,,
KY770851,Alphacoronavirus,,67.0,AACTAAAC
KY770859,Betacoronavirus,Sarbecovirus,55.0,AACGAAC
KY770860,Betacoronavirus,Sarbecovirus,21.0,TACGAAC
KY799179,Alphacoronavirus,Colacovirus,,
KY799582,Gammacoronavirus,Igacovirus,57.0,CTTAACA
KY805846,Gammacoronavirus,Igacovirus,57.0,CTTAACA
KY933089,Gammacoronavirus,Igacovirus,,
KY938558,Betacoronavirus,Sarbecovirus,73.0,AACGAAC
KY994645,Betacoronavirus,Embecovirus,63.0,ATCTAAAC
MF094685,Alphacoronavirus,Rhinacovirus,76.0,AACTAAAC
MF094686,Alphacoronavirus,Rhinacovirus,76.0,AACTAAAC
MF094688,Alphacoronavirus,Rhinacovirus,76.0,AACTAAAC
MF113046,Alphacoronavirus,Minacovirus,72.0,AACTAAAC
MF421319,Gammacoronavirus,Igacovirus,61.0,CTTAACA
MF421320,Gammacoronavirus,Igacovirus,61.0,CTTAACA
MF542265,Alphacoronavirus,Duvinacovirus,68.0,AACTAAAC
MF577027,Alphacoronavirus,Pedacovirus,64.0,AACTAAAC
MF593268,Betacoronavirus,Merbecovirus,50.0,AACGAAC
MF737355,Alphacoronavirus,Pedacovirus,65.0,AACTAAAC
MF882923,Gammacoronavirus,Igacovirus,57.0,CTTAACA
MF924724,Gammacoronavirus,Igacovirus,57.0,CTTAACA
MG021194,Gammacoronavirus,Igacovirus,,
MG021451,Betacoronavirus,Merbecovirus,61.0,AACGAAC
MG021452,Betacoronavirus,Merbecovirus,62.0,AACGAAC
MG197727,Gammacoronavirus,Igacovirus,57.0,CTTAACA
MG233398,Gammacoronavirus,Igacovirus,57.0,CTTAACA
MG448607,Gammacoronavirus,Igacovirus,63.0,CTTAACA
MG518518,Betacoronavirus,Embecovirus,63.0,ATCTAAAC
MG596802,Betacoronavirus,Merbecovirus,42.0,AACGAAC
MG596803,Betacoronavirus,Merbecovirus,32.0,AACGAAC
MG738154,Gammacoronavirus,Igacovirus,57.0,CTTAACA
MG738155,Gammacoronavirus,Igacovirus,57.0,CTTAACA
MG757139,Betacoronavirus,Embecovirus,49.0,ATCTAAAC
MG762674,Betacoronavirus,Nobecovirus,71.0,AACGAAC
MG772933,Betacoronavirus,Sarbecovirus,69.0,AACGAAC
MG772934,Betacoronavirus,Sarbecovirus,69.0,AACGAAC
MG812375,Deltacoronavirus,Buldecovirus,54.0,GACACCA
MG812377,Deltacoronavirus,Buldecovirus,34.0,GACACCA
MG812378,Deltacoronavirus,Buldecovirus,54.0,GACACCA
MG893511,Alphacoronavirus,Tegacovirus,91.0,AACTAAAC
MG913342,Gammacoronavirus,Igacovirus,57.0,CTTAACA
MG916901,Alphacoronavirus,Decacovirus,74.0,AACTAAAC
MG916902,Alphacoronavirus,Decacovirus,74.0,AACTAAAC
MG916903,Alphacoronavirus,Decacovirus,74.0,AACTAAAC
MG916904,Alphacoronavirus,Decacovirus,73.0,AACTAAAC
MG983755,Alphacoronavirus,Pedacovirus,65.0,AACTAAAC
MG987420,Betacoronavirus,Merbecovirus,62.0,AACGAAC
MG987421,Betacoronavirus,Merbecovirus,62.0,AACGAAC
MH002338,Betacoronavirus,Merbecovirus,35.0,AACGAAC
MH002340,Betacoronavirus,Merbecovirus,60.0,AACGAAC
MH002341,Betacoronavirus,Merbecovirus,60.0,AACGAAC
MH002342,Betacoronavirus,Merbecovirus,60.0,AACGAAC
MH020185,Gammacoronavirus,Igacovirus,57.0,CTTAACA
MH021175,Gammacoronavirus,Igacovirus,57.0,CTTAACA
MH181793,Gammacoronavirus,Igacovirus,57.0,CTTAACA
MH532440,Deltacoronavirus,Buldecovirus,31.0,GACACCA
MH615810,Alphacoronavirus,Rhinacovirus,76.0,AACTAAAC
MH687934,Alphacoronavirus,Pedacovirus,21.0,AACTAAAC
MH687936,Alphacoronavirus,Pedacovirus,30.0,AACTAAAC
MH687938,Alphacoronavirus,Pedacovirus,30.0,AACTAAAC
MH687941,Alphacoronavirus,Pedacovirus,38.0,AACTAAAC
MH687942,Alphacoronavirus,Pedacovirus,38.0,AACTAAAC
MH687943,Alphacoronavirus,Pedacovirus,21.0,AACTAAAC
MH687944,Alphacoronavirus,Pedacovirus,21.0,AACTAAAC
MH687945,Alphacoronavirus,Pedacovirus,25.0,AACTAAAC
MH687946,Alphacoronavirus,Pedacovirus,,
MH687948,Alphacoronavirus,Pedacovirus,21.0,AACTAAAC
MH687949,Alphacoronavirus,Pedacovirus,21.0,AACTAAAC
MH687950,Alphacoronavirus,Pedacovirus,,
MH687951,Alphacoronavirus,Pedacovirus,30.0,AACTAAAC
MH687952,Alphacoronavirus,Pedacovirus,,
MH687954,Alphacoronavirus,Pedacovirus,21.0,AACTAAAC
MH687956,Alphacoronavirus,Pedacovirus,21.0,AACTAAAC
MH687957,Alphacoronavirus,Pedacovirus,,
MH687962,Alphacoronavirus,Pedacovirus,,
MH687964,Alphacoronavirus,Pedacovirus,,
MH687965,Alphacoronavirus,Pedacovirus,21.0,AACTAAAC
MH687966,Alphacoronavirus,Pedacovirus,21.0,AACTAAAC
MH687968,Betacoronavirus,Embecovirus,72.0,ATCTAAAC
MH687970,Betacoronavirus,Embecovirus,32.0,ATCTAAAC
MH687971,Betacoronavirus,Embecovirus,44.0,ATCTAAAC
MH726394,Alphacoronavirus,Pedacovirus,65.0,AACTAAAC
MH726408,Alphacoronavirus,Pedacovirus,64.0,AACTAAAC
MH779857,Gammacoronavirus,Igacovirus,15.0,CTTAACA
MH810163,Betacoronavirus,Embecovirus,63.0,ATCTAAAC
MH817484,Alphacoronavirus,Tegacovirus,33.0,AACTAAAC
MH878976,Gammacoronavirus,Igacovirus,,
MH924835,Gammacoronavirus,Igacovirus,57.0,CTTAACA
MH938448,Alphacoronavirus,Nyctacovirus,66.0,AACTAAAC
MH938450,Alphacoronavirus,Nyctacovirus,22.0,AACTAAAC
MK005882,Deltacoronavirus,Buldecovirus,74.0,GACACCA
MK032178,Gammacoronavirus,Igacovirus,57.0,CTTAACA
MK142676,Gammacoronavirus,Igacovirus,45.0,CTTAACA
MK167038,Betacoronavirus,Embecovirus,64.0,ATCTAAAC
MK211369,Alphacoronavirus,Pedacovirus,69.0,AACTAAAC
MK211370,Alphacoronavirus,Pedacovirus,33.0,AACTAAAC
MK211371,Alphacoronavirus,Pedacovirus,30.0,AACTAAAC
MK211372,Alphacoronavirus,Pedacovirus,23.0,AACCTAAC
MK211373,Alphacoronavirus,Decacovirus,67.0,AACTAAAC
MK211374,Betacoronavirus,Sarbecovirus,63.0,AACGAAC
MK211375,Betacoronavirus,Sarbecovirus,67.0,AACGAAC
MK211376,Betacoronavirus,Sarbecovirus,65.0,AACGAAC
MK211378,Betacoronavirus,Sarbecovirus,66.0,AACGAAC
MK211379,Betacoronavirus,Nobecovirus,69.0,AACGAAC
MK217372,Gammacoronavirus,Igacovirus,57.0,CTTAACA
MK217373,Gammacoronavirus,Igacovirus,57.0,CTTAACA
MK217374,Gammacoronavirus,Igacovirus,57.0,CTTAACA
MK217375,Gammacoronavirus,Igacovirus,57.0,CTTAACA
MK309398,Gammacoronavirus,Igacovirus,57.0,CTTAACA
MK423877,Gammacoronavirus,Igacovirus,57.0,CTTAACA
MK472067,Alphacoronavirus,Pedacovirus,76.0,AACTAAAC
MK472068,Alphacoronavirus,Nyctacovirus,206.0,AACTAAAC
MK472069,Alphacoronavirus,Nyctacovirus,156.0,AACTAAAC
MK472070,Alphacoronavirus,,21.0,AATCTAAT
MK472071,Alphacoronavirus,Nyctacovirus,,
MK492263,Betacoronavirus,Nobecovirus,69.0,AACGAAC
MK574042,Gammacoronavirus,Igacovirus,57.0,CTTAACA
MK581201,Gammacoronavirus,Igacovirus,61.0,CTTAACA
MK581202,Gammacoronavirus,Igacovirus,205.0,CTTAACA
MK581203,Gammacoronavirus,Igacovirus,43.0,CTTAACA
MK581204,Gammacoronavirus,Igacovirus,42.0,CTTAACA
MK581205,Gammacoronavirus,Igacovirus,245.0,CTTAACA
MK581206,Gammacoronavirus,Igacovirus,45.0,CTTAASA
MK581207,Gammacoronavirus,Igacovirus,135.0,CTTAACA
MK581208,Gammacoronavirus,Igacovirus,26.0,CTTAACA
MK644603,Alphacoronavirus,Pedacovirus,65.0,AACTAAAC
MK644605,Alphacoronavirus,Pedacovirus,65.0,AACTAAAC
MK679660,Betacoronavirus,Merbecovirus,61.0,AACGAAC
MK720944,Alphacoronavirus,Nyctacovirus,52.0,AACTAAAC
MK720945,Alphacoronavirus,Decacovirus,67.0,AACTAAAC
MK878536,Gammacoronavirus,Igacovirus,57.0,CTTAACA
MK907286,Betacoronavirus,Merbecovirus,61.0,AACGAAC
MK937828,Gammacoronavirus,Igacovirus,57.0,CTTAACA
MK937830,Gammacoronavirus,Igacovirus,57.0,CTTAACA
MN065811,Alphacoronavirus,Pedacovirus,61.0,AACTAAAC
MN096598,Gammacoronavirus,Igacovirus,57.0,CTTAACA
MN128087,Gammacoronavirus,Igacovirus,57.0,CTTAACA
MN128088,Gammacoronavirus,Igacovirus,57.0,CTTAACA
MN165107,Alphacoronavirus,Tegacovirus,89.0,AACTAAAC
MN262644,Gammacoronavirus,Igacovirus,57.0,CTTAACA
MN512434,Gammacoronavirus,Igacovirus,59.0,CTTAACA
MN514962,Betacoronavirus,Embecovirus,55.0,ATCTAAAC
MN514963,Betacoronavirus,Embecovirus,53.0,ATCTAAAC
MN514966,Betacoronavirus,Embecovirus,53.0,ATCTAAAC
MN514967,Betacoronavirus,Embecovirus,67.0,ATCTAAAC
MN599049,Gammacoronavirus,Igacovirus,57.0,CTTAACA
MN611517,Alphacoronavirus,Duvinacovirus,56.0,AACTAAAC
MN611518,Alphacoronavirus,Minunacovirus,53.0,AACTAAAC
MN611519,Betacoronavirus,Merbecovirus,54.0,AACGAAC
MN611520,Betacoronavirus,Merbecovirus,77.0,AACGAAC
MN611521,Alphacoronavirus,Pedacovirus,60.0,AACTAAAC
MN611522,Alphacoronavirus,Rhinacovirus,,
MN611523,Alphacoronavirus,Decacovirus,75.0,AACTAAAC
MN611524,Alphacoronavirus,Minunacovirus,52.0,AACTAAAC
MN611525,Alphacoronavirus,Decacovirus,58.0,AACTAAAC
MN690608,Gammacoronavirus,Cegacovirus,69.0,ATTAAAC
MN996532,Betacoronavirus,Sarbecovirus,54.0,AACGAACTTT
MT040335,Betacoronavirus,Sarbecovirus,71.0,AACGAAC
MT121216,Betacoronavirus,Sarbecovirus,,
NC_001451,Gammacoronavirus,Igacovirus,57.0,CTTAACA
NC_001846,Betacoronavirus,Embecovirus,64.0,ATCTAAAC
NC_002306,Alphacoronavirus,Tegacovirus,91.0,AACTAAAC
NC_002645,Alphacoronavirus,Duvinacovirus,66.0,AACTAAAC
NC_003045,Betacoronavirus,Embecovirus,63.0,ATCTAAAC
NC_003436,Alphacoronavirus,Pedacovirus,64.0,AACTAAAC
NC_004718,Betacoronavirus,Sarbecovirus,66.0,AACGAAC
NC_005831,Alphacoronavirus,Setracovirus,66.0,AACTAAAC
NC_006213,Betacoronavirus,Embecovirus,62.0,ATCTAAAC
NC_006577,Betacoronavirus,Embecovirus,64.0,ATCTAAAC
NC_009019,Betacoronavirus,Merbecovirus,62.0,AACGAAC
NC_009020,Betacoronavirus,Merbecovirus,60.0,AACGAAC
NC_009021,Betacoronavirus,Nobecovirus,70.0,AACGAAC
NC_009657,Alphacoronavirus,Pedacovirus,67.0,AACTAAAC
NC_009988,Alphacoronavirus,Rhinacovirus,69.0,AACTAAAC
NC_010437,Alphacoronavirus,Minunacovirus,65.0,AACTAAAC
NC_010438,Alphacoronavirus,Minunacovirus,66.0,AACTAAAC
NC_010646,Gammacoronavirus,Cegacovirus,69.0,ATTAAAC
NC_010800,Gammacoronavirus,Igacovirus,57.0,CTTAACA
NC_011547,Deltacoronavirus,Buldecovirus,71.0,GACACCA
NC_011549,Deltacoronavirus,Buldecovirus,64.0,GACACCA
NC_011550,Deltacoronavirus,Buldecovirus,63.0,GACACCA
NC_012936,Betacoronavirus,Embecovirus,37.0,ATCTAAAC
NC_014470,Betacoronavirus,Sarbecovirus,,
NC_016991,Deltacoronavirus,Buldecovirus,65.0,GACACCA
NC_016992,Deltacoronavirus,Buldecovirus,56.0,GACACCA
NC_016993,Deltacoronavirus,Buldecovirus,63.0,GACACCA
NC_016994,Deltacoronavirus,Herdecovirus,66.0,GACACCGA
NC_016995,Deltacoronavirus,Andecovirus,59.0,GACACCA
NC_016996,Deltacoronavirus,Moordecovirus,62.0,GACACCA
NC_017083,Betacoronavirus,Embecovirus,61.0,ATCTAAAC
NC_018871,Alphacoronavirus,Decacovirus,75.0,AACTAAAC
NC_019843,Betacoronavirus,Merbecovirus,62.0,AACGAAC
NC_022103,Alphacoronavirus,Colacovirus,,
NC_023760,Alphacoronavirus,Minacovirus,71.0,AACTAAAC
NC_025217,Betacoronavirus,Hibecovirus,71.0,AACGAAC
NC_026011,Betacoronavirus,Embecovirus,61.0,ATCTAAAC
NC_028752,Alphacoronavirus,Duvinacovirus,66.0,AACTAAAC
NC_028806,Alphacoronavirus,Tegacovirus,84.0,AACTAAAC
NC_028811,Alphacoronavirus,Myotacovirus,67.0,AACTAAAC
NC_028814,Alphacoronavirus,Decacovirus,,
NC_028824,Alphacoronavirus,Rhinacovirus,,
NC_028833,Alphacoronavirus,Nyctacovirus,,
NC_030292,Alphacoronavirus,Minacovirus,71.0,AACTAAAC
NC_030886,Betacoronavirus,Nobecovirus,72.0,AACGAAC
NC_032107,Alphacoronavirus,Setracovirus,20.0,AACTAAAC
NC_032730,Alphacoronavirus,Luchacovirus,71.0,AACTAAAC
NC_034440,Betacoronavirus,Merbecovirus,,
NC_034972,Alphacoronavirus,Luchacovirus,181.0,AACTAAAC
NC_035191,Alphacoronavirus,,31.0,AACTAAAC
NC_038861,Alphacoronavirus,Tegacovirus,92.0,AACTAAAC
NC_039207,Betacoronavirus,Merbecovirus,61.0,AACGAAC
NC_039208,Deltacoronavirus,Buldecovirus,67.0,GACACCA
NC_045512,Betacoronavirus,Sarbecovirus,69.0,AACGAAC
NC_046954,Betacoronavirus,Embecovirus,62.0,ATCTAAAC
NC_046955,Alphacoronavirus,,73.0,AACTAAAA
NC_046964,Alphacoronavirus,Nyctacovirus,50.0,AACTAAAC
NC_046965,Gammacoronavirus,,64.0,CTTAACA
NC_048212,Betacoronavirus,Nobecovirus,51.0,AACGAAC
